Stock,Date,Open,Price,Risk
AAPL,2023-07-03,143.44,144.81,medium
AAPL,2023-07-04,152.98,154.9,medium
AAPL,2023-07-05,153.1,152.65,medium
AAPL,2023-07-06,162.09,158.53,medium
AAPL,2023-07-07,160.78,162.31,medium
AAPL,2023-07-10,172.11,169.82,medium
AAPL,2023-07-11,173.69,174.76,medium
AAPL,2023-07-12,177.09,171.76,low
AAPL,2023-07-13,174.82,172.99,medium
AAPL,2023-07-14,179.34,175.94,medium
AAPL,2023-07-17,172.96,174.07,medium
AAPL,2023-07-18,174.5,169.32,medium
AAPL,2023-07-19,167.56,168.48,medium
AAPL,2023-07-20,169.68,163.27,low
AAPL,2023-07-21,152.76,153.81,medium
AAPL,2023-07-24,157.08,156.72,medium
AAPL,2023-07-25,151.05,148.47,medium
AAPL,2023-07-26,153.6,148.61,low
AAPL,2023-07-27,148.08,152.84,high
AAPL,2023-07-28,144.11,145.9,medium
AAPL,2023-07-31,150.86,146.86,medium
AAPL,2023-08-01,142.98,140.89,medium
AAPL,2023-08-02,138.36,136.53,medium
AAPL,2023-08-03,139.26,142.62,medium
AAPL,2023-08-04,143.87,149.56,high
AAPL,2023-08-07,143.21,139.03,medium
AAPL,2023-08-08,144.97,148.33,medium
AAPL,2023-08-09,141.58,144.18,medium
AAPL,2023-08-10,134.75,134.7,medium
AAPL,2023-08-11,133.77,128.73,low
AAPL,2023-08-14,129.01,129.65,medium
AAPL,2023-08-15,130.82,128.82,medium
AAPL,2023-08-16,128.42,129.4,medium
AAPL,2023-08-17,127.74,129.02,medium
AAPL,2023-08-18,126.47,129.81,medium
AAPL,2023-08-21,131.37,132.88,medium
AAPL,2023-08-22,123.3,120.49,medium
AAPL,2023-08-23,126.34,125.3,medium
AAPL,2023-08-24,123.39,122.74,medium
AAPL,2023-08-25,117.1,116.95,medium
AAPL,2023-08-28,124.63,128.08,medium
AAPL,2023-08-29,129.37,127.66,medium
AAPL,2023-08-30,134.49,134.21,medium
AAPL,2023-08-31,133.7,133.93,medium
AAPL,2023-09-01,132.86,126.65,low
AAPL,2023-09-04,126.26,124.51,medium
AAPL,2023-09-05,125.41,124.77,medium
AAPL,2023-09-06,122.26,125.85,medium
AAPL,2023-09-07,115.65,113.57,medium
AAPL,2023-09-08,123.28,127.68,high
AAPL,2023-09-11,122.85,119.87,medium
AAPL,2023-09-12,123.28,122.72,medium
AAPL,2023-09-13,123.64,126.54,medium
AAPL,2023-09-14,125.19,125.97,medium
AAPL,2023-09-15,125.12,123.93,medium
AAPL,2023-09-18,117.0,117.99,medium
AAPL,2023-09-19,119.51,114.22,low
AAPL,2023-09-20,119.03,121.15,medium
AAPL,2023-09-21,114.29,114.03,medium
AAPL,2023-09-22,113.34,113.57,medium
AAPL,2023-09-25,107.61,105.02,medium
AAPL,2023-09-26,106.39,106.89,medium
AAPL,2023-09-27,106.98,107.93,medium
AAPL,2023-09-28,109.04,105.39,low
AAPL,2023-09-29,109.23,106.42,medium
AAPL,2023-10-02,108.05,107.31,medium
AAPL,2023-10-03,106.18,107.24,medium
AAPL,2023-10-04,110.12,110.16,medium
AAPL,2023-10-05,98.41,97.13,medium
AAPL,2023-10-06,101.67,98.9,medium
AAPL,2023-10-09,97.61,96.95,medium
AAPL,2023-10-10,103.91,102.92,medium
AAPL,2023-10-11,96.35,95.06,medium
AAPL,2023-10-12,92.63,93.98,medium
AAPL,2023-10-13,99.27,94.0,low
AAPL,2023-10-16,91.87,91.73,medium
AAPL,2023-10-17,84.91,85.63,medium
AAPL,2023-10-18,91.98,91.51,medium
AAPL,2023-10-19,85.63,84.64,medium
AAPL,2023-10-20,80.96,80.46,medium
AAPL,2023-10-23,73.7,73.71,medium
AAPL,2023-10-24,76.94,80.25,high
AAPL,2023-10-25,81.68,84.71,high
AAPL,2023-10-26,88.26,90.13,medium
AAPL,2023-10-27,92.56,89.71,low
AAPL,2023-10-30,85.55,87.02,medium
AAPL,2023-10-31,92.28,91.3,medium
AAPL,2023-11-01,84.99,85.33,medium
AAPL,2023-11-02,90.74,90.32,medium
AAPL,2023-11-03,94.9,95.54,medium
AAPL,2023-11-06,95.74,96.01,medium
AAPL,2023-11-07,90.44,91.06,medium
AAPL,2023-11-08,96.46,93.59,medium
AAPL,2023-11-09,97.27,98.64,medium
AAPL,2023-11-10,96.57,98.76,medium
AAPL,2023-11-13,85.91,88.92,high
AAPL,2023-11-14,83.62,82.7,medium
AAPL,2023-11-15,88.77,87.57,medium
AAPL,2023-11-16,83.57,85.22,medium
AAPL,2023-11-17,83.07,86.07,high
AAPL,2023-11-20,77.32,75.57,medium
AAPL,2023-11-21,75.69,76.38,medium
AAPL,2023-11-22,73.7,74.47,medium
AAPL,2023-11-23,70.92,72.35,medium
AAPL,2023-11-24,69.18,69.26,medium
AAPL,2023-11-27,65.16,64.14,medium
AAPL,2023-11-28,75.2,78.38,high
AAPL,2023-11-29,81.89,83.07,medium
AAPL,2023-11-30,88.81,88.68,medium
AAPL,2023-12-01,86.03,85.54,medium
AAPL,2023-12-04,90.19,90.75,medium
AAPL,2023-12-05,88.95,89.23,medium
AAPL,2023-12-06,90.77,93.02,medium
AAPL,2023-12-07,93.52,91.9,medium
AAPL,2023-12-08,92.94,91.92,medium
AAPL,2023-12-11,94.84,94.2,medium
AAPL,2023-12-12,103.84,107.04,high
AAPL,2023-12-13,110.85,108.65,medium
AAPL,2023-12-14,111.69,107.12,low
AAPL,2023-12-15,105.46,103.65,medium
MSFT,2023-07-03,282.46,279.01,medium
MSFT,2023-07-04,278.65,280.98,medium
MSFT,2023-07-05,282.53,287.94,medium
MSFT,2023-07-06,286.82,291.17,medium
MSFT,2023-07-07,292.4,289.17,medium
MSFT,2023-07-10,299.96,300.58,medium
MSFT,2023-07-11,298.73,302.61,medium
MSFT,2023-07-12,297.91,296.02,medium
MSFT,2023-07-13,288.65,283.56,medium
MSFT,2023-07-14,285.4,281.96,medium
MSFT,2023-07-17,266.61,272.14,medium
MSFT,2023-07-18,275.07,278.88,medium
MSFT,2023-07-19,268.24,272.57,medium
MSFT,2023-07-20,271.92,268.12,medium
MSFT,2023-07-21,266.85,272.94,medium
MSFT,2023-07-24,278.43,276.52,medium
MSFT,2023-07-25,279.96,283.54,medium
MSFT,2023-07-26,288.1,286.49,medium
MSFT,2023-07-27,283.28,279.5,medium
MSFT,2023-07-28,271.33,268.06,medium
MSFT,2023-07-31,274.17,279.45,medium
MSFT,2023-08-01,284.77,287.74,medium
MSFT,2023-08-02,287.5,291.17,medium
MSFT,2023-08-03,295.56,294.01,medium
MSFT,2023-08-04,287.18,290.41,medium
MSFT,2023-08-07,285.21,275.11,low
MSFT,2023-08-08,275.79,275.38,medium
MSFT,2023-08-09,282.77,285.97,medium
MSFT,2023-08-10,288.7,283.32,medium
MSFT,2023-08-11,282.16,274.76,medium
MSFT,2023-08-14,261.94,263.58,medium
MSFT,2023-08-15,259.32,262.61,medium
MSFT,2023-08-16,260.15,256.21,medium
MSFT,2023-08-17,256.54,260.3,medium
MSFT,2023-08-18,265.69,268.75,medium
MSFT,2023-08-21,268.09,270.14,medium
MSFT,2023-08-22,278.12,274.12,medium
MSFT,2023-08-23,267.3,264.61,medium
MSFT,2023-08-24,268.54,271.81,medium
MSFT,2023-08-25,273.27,268.55,medium
MSFT,2023-08-28,272.23,275.2,medium
MSFT,2023-08-29,270.48,272.98,medium
MSFT,2023-08-30,277.19,271.25,medium
MSFT,2023-08-31,266.84,269.69,medium
MSFT,2023-09-01,271.61,281.85,high
MSFT,2023-09-04,288.06,278.27,low
MSFT,2023-09-05,276.19,274.96,medium
MSFT,2023-09-06,281.61,284.39,medium
MSFT,2023-09-07,285.19,276.8,medium
MSFT,2023-09-08,276.59,280.49,medium
MSFT,2023-09-11,271.99,277.74,medium
MSFT,2023-09-12,278.7,281.16,medium
MSFT,2023-09-13,273.75,274.74,medium
MSFT,2023-09-14,278.49,275.69,medium
MSFT,2023-09-15,276.38,271.26,medium
MSFT,2023-09-18,266.73,262.92,medium
MSFT,2023-09-19,272.63,266.97,medium
MSFT,2023-09-20,272.26,265.71,medium
MSFT,2023-09-21,262.54,274.16,high
MSFT,2023-09-22,277.28,273.2,medium
MSFT,2023-09-25,266.28,274.29,high
MSFT,2023-09-26,282.28,262.1,low
MSFT,2023-09-27,263.02,270.92,high
MSFT,2023-09-28,272.65,271.64,medium
MSFT,2023-09-29,265.79,256.74,low
MSFT,2023-10-02,260.81,262.09,medium
MSFT,2023-10-03,260.51,265.31,medium
MSFT,2023-10-04,267.79,269.8,medium
MSFT,2023-10-05,269.51,270.18,medium
MSFT,2023-10-06,262.0,258.77,medium
MSFT,2023-10-09,262.88,257.31,medium
MSFT,2023-10-10,257.54,259.0,medium
MSFT,2023-10-11,254.87,256.49,medium
MSFT,2023-10-12,261.08,259.73,medium
MSFT,2023-10-13,261.96,258.88,medium
MSFT,2023-10-16,268.25,262.95,medium
MSFT,2023-10-17,253.55,253.25,medium
MSFT,2023-10-18,254.7,258.87,medium
MSFT,2023-10-19,254.71,256.27,medium
MSFT,2023-10-20,256.42,250.91,medium
MSFT,2023-10-23,255.62,251.8,medium
MSFT,2023-10-24,252.57,252.44,medium
MSFT,2023-10-25,238.09,243.77,medium
MSFT,2023-10-26,246.58,249.99,medium
MSFT,2023-10-27,251.95,259.38,medium
MSFT,2023-10-30,264.12,271.46,medium
MSFT,2023-10-31,278.13,273.17,medium
MSFT,2023-11-01,272.76,274.16,medium
MSFT,2023-11-02,268.74,262.65,medium
MSFT,2023-11-03,267.6,265.38,medium
MSFT,2023-11-06,270.23,271.86,medium
MSFT,2023-11-07,268.44,268.78,medium
MSFT,2023-11-08,263.57,264.85,medium
MSFT,2023-11-09,263.24,266.92,medium
MSFT,2023-11-10,255.52,252.06,medium
MSFT,2023-11-13,256.98,260.45,medium
MSFT,2023-11-14,266.31,275.3,high
MSFT,2023-11-15,278.94,274.89,medium
MSFT,2023-11-16,267.22,268.77,medium
MSFT,2023-11-17,264.47,262.92,medium
MSFT,2023-11-20,267.1,260.99,medium
MSFT,2023-11-21,261.15,265.8,medium
MSFT,2023-11-22,268.01,266.96,medium
MSFT,2023-11-23,262.24,260.67,medium
MSFT,2023-11-24,258.6,252.53,medium
MSFT,2023-11-27,257.52,263.77,medium
MSFT,2023-11-28,267.0,274.39,medium
MSFT,2023-11-29,280.26,282.99,medium
MSFT,2023-11-30,282.53,283.76,medium
MSFT,2023-12-01,272.89,272.75,medium
MSFT,2023-12-04,271.47,271.04,medium
MSFT,2023-12-05,265.62,274.55,high
MSFT,2023-12-06,279.96,261.64,low
MSFT,2023-12-07,261.68,260.46,medium
MSFT,2023-12-08,263.36,268.33,medium
MSFT,2023-12-11,267.74,264.48,medium
MSFT,2023-12-12,274.75,279.21,medium
MSFT,2023-12-13,279.44,280.47,medium
MSFT,2023-12-14,276.13,287.62,high
MSFT,2023-12-15,290.16,283.32,medium
GOOGL,2023-07-03,180.69,182.85,medium
GOOGL,2023-07-04,185.94,185.54,medium
GOOGL,2023-07-05,190.4,194.68,medium
GOOGL,2023-07-06,198.06,206.76,high
GOOGL,2023-07-07,201.17,196.53,medium
GOOGL,2023-07-10,199.73,203.11,medium
GOOGL,2023-07-11,204.81,204.83,medium
GOOGL,2023-07-12,203.64,206.2,medium
GOOGL,2023-07-13,210.81,206.18,medium
GOOGL,2023-07-14,211.17,210.57,medium
GOOGL,2023-07-17,207.01,201.46,medium
GOOGL,2023-07-18,207.93,203.72,medium
GOOGL,2023-07-19,195.74,198.39,medium
GOOGL,2023-07-20,193.37,191.92,medium
GOOGL,2023-07-21,187.8,188.78,medium
GOOGL,2023-07-24,193.14,195.01,medium
GOOGL,2023-07-25,198.8,194.99,medium
GOOGL,2023-07-26,193.84,187.14,low
GOOGL,2023-07-27,180.96,179.9,medium
GOOGL,2023-07-28,172.57,172.08,medium
GOOGL,2023-07-31,175.23,179.89,medium
GOOGL,2023-08-01,190.77,190.63,medium
GOOGL,2023-08-02,197.79,200.05,medium
GOOGL,2023-08-03,194.97,197.48,medium
GOOGL,2023-08-04,193.57,190.39,medium
GOOGL,2023-08-07,186.85,185.79,medium
GOOGL,2023-08-08,183.68,184.36,medium
GOOGL,2023-08-09,189.95,194.59,medium
GOOGL,2023-08-10,189.04,186.56,medium
GOOGL,2023-08-11,186.02,189.29,medium
GOOGL,2023-08-14,183.78,183.36,medium
GOOGL,2023-08-15,185.69,186.44,medium
GOOGL,2023-08-16,191.22,192.71,medium
GOOGL,2023-08-17,202.91,197.88,medium
GOOGL,2023-08-18,206.51,204.56,medium
GOOGL,2023-08-21,188.82,191.01,medium
GOOGL,2023-08-22,189.14,185.88,medium
GOOGL,2023-08-23,189.41,187.41,medium
GOOGL,2023-08-24,181.86,178.41,medium
GOOGL,2023-08-25,180.4,179.17,medium
GOOGL,2023-08-28,182.23,185.37,medium
GOOGL,2023-08-29,194.36,193.37,medium
GOOGL,2023-08-30,192.61,195.85,medium
GOOGL,2023-08-31,198.0,194.77,medium
GOOGL,2023-09-01,188.94,188.71,medium
GOOGL,2023-09-04,183.87,185.0,medium
GOOGL,2023-09-05,185.45,182.52,medium
GOOGL,2023-09-06,178.83,180.28,medium
GOOGL,2023-09-07,179.9,185.69,high
GOOGL,2023-09-08,176.41,176.33,medium
GOOGL,2023-09-11,178.33,178.91,medium
GOOGL,2023-09-12,192.87,191.36,medium
GOOGL,2023-09-13,195.03,195.34,medium
GOOGL,2023-09-14,192.21,190.99,medium
GOOGL,2023-09-15,191.77,190.17,medium
GOOGL,2023-09-18,191.17,189.4,medium
GOOGL,2023-09-19,193.01,193.82,medium
GOOGL,2023-09-20,188.7,187.25,medium
GOOGL,2023-09-21,188.11,188.29,medium
GOOGL,2023-09-22,190.56,183.75,low
GOOGL,2023-09-25,180.3,172.79,low
GOOGL,2023-09-26,173.54,175.93,medium
GOOGL,2023-09-27,171.77,163.24,low
GOOGL,2023-09-28,166.51,166.97,medium
GOOGL,2023-09-29,175.93,179.8,medium
GOOGL,2023-10-02,179.33,185.79,high
GOOGL,2023-10-03,180.07,179.32,medium
GOOGL,2023-10-04,171.44,174.29,medium
GOOGL,2023-10-05,177.06,172.39,medium
GOOGL,2023-10-06,172.23,167.67,medium
GOOGL,2023-10-09,174.29,172.38,medium
GOOGL,2023-10-10,178.07,182.82,medium
GOOGL,2023-10-11,190.9,189.07,medium
GOOGL,2023-10-12,190.56,195.07,medium
GOOGL,2023-10-13,199.56,201.27,medium
GOOGL,2023-10-16,204.17,207.53,medium
GOOGL,2023-10-17,212.0,212.15,medium
GOOGL,2023-10-18,218.6,217.37,medium
GOOGL,2023-10-19,219.79,219.95,medium
GOOGL,2023-10-20,216.75,215.65,medium
GOOGL,2023-10-23,209.93,207.96,medium
GOOGL,2023-10-24,214.11,219.71,medium
GOOGL,2023-10-25,213.99,218.84,medium
GOOGL,2023-10-26,217.98,216.88,medium
GOOGL,2023-10-27,220.57,229.37,high
GOOGL,2023-10-30,230.32,232.21,medium
GOOGL,2023-10-31,231.38,232.71,medium
GOOGL,2023-11-01,238.38,238.56,medium
GOOGL,2023-11-02,237.99,240.88,medium
GOOGL,2023-11-03,245.73,236.09,low
GOOGL,2023-11-06,238.29,244.31,medium
GOOGL,2023-11-07,236.81,243.39,medium
GOOGL,2023-11-08,246.41,246.71,medium
GOOGL,2023-11-09,249.16,253.57,medium
GOOGL,2023-11-10,257.1,256.93,medium
GOOGL,2023-11-13,251.15,240.9,low
GOOGL,2023-11-14,233.69,232.35,medium
GOOGL,2023-11-15,237.97,232.08,medium
GOOGL,2023-11-16,240.56,243.15,medium
GOOGL,2023-11-17,245.36,243.49,medium
GOOGL,2023-11-20,242.23,240.36,medium
GOOGL,2023-11-21,240.49,234.62,medium
GOOGL,2023-11-22,227.54,218.38,low
GOOGL,2023-11-23,219.29,214.66,medium
GOOGL,2023-11-24,208.6,212.19,medium
GOOGL,2023-11-27,209.45,212.13,medium
GOOGL,2023-11-28,222.23,221.91,medium
GOOGL,2023-11-29,227.47,222.71,medium
GOOGL,2023-11-30,221.01,227.54,medium
GOOGL,2023-12-01,234.71,245.06,high
GOOGL,2023-12-04,231.66,234.54,medium
GOOGL,2023-12-05,243.41,240.06,medium
GOOGL,2023-12-06,232.4,230.27,medium
GOOGL,2023-12-07,218.82,221.53,medium
GOOGL,2023-12-08,219.99,216.17,medium
GOOGL,2023-12-11,210.91,202.6,low
GOOGL,2023-12-12,202.46,195.16,low
GOOGL,2023-12-13,190.18,192.22,medium
GOOGL,2023-12-14,186.15,182.08,medium
GOOGL,2023-12-15,182.06,183.65,medium
AMZN,2023-07-03,157.39,156.63,medium
AMZN,2023-07-04,152.68,155.74,medium
AMZN,2023-07-05,152.8,151.7,medium
AMZN,2023-07-06,148.77,152.61,medium
AMZN,2023-07-07,145.9,142.22,medium
AMZN,2023-07-10,143.64,143.93,medium
AMZN,2023-07-11,143.83,147.07,medium
AMZN,2023-07-12,140.57,141.83,medium
AMZN,2023-07-13,141.46,138.7,medium
AMZN,2023-07-14,140.55,142.19,medium
AMZN,2023-07-17,132.86,131.02,medium
AMZN,2023-07-18,126.97,123.69,medium
AMZN,2023-07-19,117.73,118.79,medium
AMZN,2023-07-20,117.12,119.1,medium
AMZN,2023-07-21,119.33,121.89,medium
AMZN,2023-07-24,112.48,111.68,medium
AMZN,2023-07-25,102.93,100.44,medium
AMZN,2023-07-26,97.37,98.2,medium
AMZN,2023-07-27,92.6,94.28,medium
AMZN,2023-07-28,92.53,94.08,medium
AMZN,2023-07-31,101.07,102.34,medium
AMZN,2023-08-01,105.16,108.03,medium
AMZN,2023-08-02,111.12,111.38,medium
AMZN,2023-08-03,99.63,97.19,medium
AMZN,2023-08-04,96.32,96.68,medium
AMZN,2023-08-07,95.07,95.6,medium
AMZN,2023-08-08,89.22,91.23,medium
AMZN,2023-08-09,89.28,91.49,medium
AMZN,2023-08-10,96.09,98.97,medium
AMZN,2023-08-11,100.51,99.63,medium
AMZN,2023-08-14,92.62,92.97,medium
AMZN,2023-08-15,82.9,80.45,medium
AMZN,2023-08-16,77.77,79.05,medium
AMZN,2023-08-17,83.69,85.81,medium
AMZN,2023-08-18,87.76,88.74,medium
AMZN,2023-08-21,87.41,89.19,medium
AMZN,2023-08-22,97.05,101.06,high
AMZN,2023-08-23,101.7,104.52,medium
AMZN,2023-08-24,107.49,105.93,medium
AMZN,2023-08-25,103.3,108.18,high
AMZN,2023-08-28,111.86,110.22,medium
AMZN,2023-08-29,110.41,109.83,medium
AMZN,2023-08-30,100.63,103.06,medium
AMZN,2023-08-31,103.03,101.7,medium
AMZN,2023-09-01,98.9,99.16,medium
AMZN,2023-09-04,108.57,110.46,medium
AMZN,2023-09-05,115.53,117.92,medium
AMZN,2023-09-06,116.17,111.28,low
AMZN,2023-09-07,107.06,108.21,medium
AMZN,2023-09-08,106.11,103.42,medium
AMZN,2023-09-11,93.46,91.13,medium
AMZN,2023-09-12,79.79,79.42,medium
AMZN,2023-09-13,81.51,79.87,medium
AMZN,2023-09-14,72.82,75.8,high
AMZN,2023-09-15,75.22,77.28,medium
AMZN,2023-09-18,75.27,75.25,medium
AMZN,2023-09-19,72.28,71.82,medium
AMZN,2023-09-20,67.89,69.51,medium
AMZN,2023-09-21,70.41,71.62,medium
AMZN,2023-09-22,69.42,69.6,medium
AMZN,2023-09-25,69.94,70.41,medium
AMZN,2023-09-26,70.0,72.51,high
AMZN,2023-09-27,70.74,71.56,medium
AMZN,2023-09-28,77.31,75.73,medium
AMZN,2023-09-29,76.79,76.71,medium
AMZN,2023-10-02,90.15,87.99,medium
AMZN,2023-10-03,89.6,88.78,medium
AMZN,2023-10-04,85.89,86.68,medium
AMZN,2023-10-05,95.4,93.78,medium
AMZN,2023-10-06,92.9,95.0,medium
AMZN,2023-10-09,89.71,89.66,medium
AMZN,2023-10-10,82.32,85.32,high
AMZN,2023-10-11,75.08,78.0,high
AMZN,2023-10-12,80.49,79.67,medium
AMZN,2023-10-13,83.45,82.26,medium
AMZN,2023-10-16,80.99,80.96,medium
AMZN,2023-10-17,76.3,75.52,medium
AMZN,2023-10-18,71.43,69.92,medium
AMZN,2023-10-19,75.63,73.51,medium
AMZN,2023-10-20,72.19,69.63,low
AMZN,2023-10-23,70.64,73.2,high
AMZN,2023-10-24,70.15,71.51,medium
AMZN,2023-10-25,68.41,70.0,medium
AMZN,2023-10-26,77.53,76.94,medium
AMZN,2023-10-27,74.02,70.75,low
AMZN,2023-10-30,65.54,66.62,medium
AMZN,2023-10-31,58.15,56.63,medium
AMZN,2023-11-01,59.27,59.5,medium
AMZN,2023-11-02,57.62,53.98,low
AMZN,2023-11-03,50.49,50.01,medium
AMZN,2023-11-06,60.1,58.66,medium
AMZN,2023-11-07,50.28,49.45,medium
AMZN,2023-11-08,47.92,49.91,high
AMZN,2023-11-09,49.41,50.3,medium
AMZN,2023-11-10,54.04,54.51,medium
AMZN,2023-11-13,59.77,59.74,medium
AMZN,2023-11-14,65.48,65.37,medium
AMZN,2023-11-15,72.29,73.03,medium
AMZN,2023-11-16,70.01,70.19,medium
AMZN,2023-11-17,80.15,81.81,medium
AMZN,2023-11-20,79.43,81.74,medium
AMZN,2023-11-21,75.18,76.34,medium
AMZN,2023-11-22,72.42,72.71,medium
AMZN,2023-11-23,72.06,74.07,medium
AMZN,2023-11-24,78.86,76.97,medium
AMZN,2023-11-27,83.2,81.13,medium
AMZN,2023-11-28,85.78,84.59,medium
AMZN,2023-11-29,81.41,84.69,high
AMZN,2023-11-30,81.63,78.6,low
AMZN,2023-12-01,73.13,75.15,medium
AMZN,2023-12-04,74.74,72.83,medium
AMZN,2023-12-05,73.3,73.14,medium
AMZN,2023-12-06,64.18,64.47,medium
AMZN,2023-12-07,66.78,65.07,medium
AMZN,2023-12-08,63.48,63.69,medium
AMZN,2023-12-11,60.47,60.73,medium
AMZN,2023-12-12,50.48,49.46,medium
AMZN,2023-12-13,53.66,54.06,medium
AMZN,2023-12-14,55.24,54.99,medium
AMZN,2023-12-15,52.21,49.6,low
TSLA,2023-07-03,295.75,299.82,medium
TSLA,2023-07-04,286.58,285.95,medium
TSLA,2023-07-05,283.04,287.82,medium
TSLA,2023-07-06,281.53,275.8,medium
TSLA,2023-07-07,276.73,278.41,medium
TSLA,2023-07-10,283.99,280.02,medium
TSLA,2023-07-11,277.26,267.67,low
TSLA,2023-07-12,266.47,273.38,medium
TSLA,2023-07-13,273.34,268.68,medium
TSLA,2023-07-14,270.64,276.63,medium
TSLA,2023-07-17,270.91,271.8,medium
TSLA,2023-07-18,271.2,266.63,medium
TSLA,2023-07-19,273.79,280.06,medium
TSLA,2023-07-20,273.49,270.87,medium
TSLA,2023-07-21,264.97,258.32,medium
TSLA,2023-07-24,262.18,267.14,medium
TSLA,2023-07-25,276.11,270.45,medium
TSLA,2023-07-26,278.82,279.48,medium
TSLA,2023-07-27,277.23,281.18,medium
TSLA,2023-07-28,287.57,285.34,medium
TSLA,2023-07-31,286.13,287.76,medium
TSLA,2023-08-01,292.01,290.6,medium
TSLA,2023-08-02,292.22,287.99,medium
TSLA,2023-08-03,292.13,300.87,medium
TSLA,2023-08-04,302.42,309.23,medium
TSLA,2023-08-07,308.32,300.77,medium
TSLA,2023-08-08,301.07,304.48,medium
TSLA,2023-08-09,306.91,304.54,medium
TSLA,2023-08-10,297.82,303.72,medium
TSLA,2023-08-11,302.89,302.53,medium
TSLA,2023-08-14,292.01,290.8,medium
TSLA,2023-08-15,294.49,288.93,medium
TSLA,2023-08-16,286.42,288.91,medium
TSLA,2023-08-17,280.02,281.21,medium
TSLA,2023-08-18,285.83,285.31,medium
TSLA,2023-08-21,286.44,288.63,medium
TSLA,2023-08-22,293.39,283.45,low
TSLA,2023-08-23,290.72,286.34,medium
TSLA,2023-08-24,290.16,292.17,medium
TSLA,2023-08-25,297.78,299.86,medium
TSLA,2023-08-28,294.95,288.66,medium
TSLA,2023-08-29,281.32,285.99,medium
TSLA,2023-08-30,287.26,288.32,medium
TSLA,2023-08-31,291.83,279.85,low
TSLA,2023-09-01,282.85,278.13,medium
TSLA,2023-09-04,280.76,277.17,medium
TSLA,2023-09-05,280.27,277.47,medium
TSLA,2023-09-06,280.12,285.49,medium
TSLA,2023-09-07,279.88,280.63,medium
TSLA,2023-09-08,271.33,273.96,medium
TSLA,2023-09-11,281.69,282.12,medium
TSLA,2023-09-12,279.45,288.76,high
TSLA,2023-09-13,287.74,280.53,medium
TSLA,2023-09-14,284.34,287.84,medium
TSLA,2023-09-15,286.3,286.53,medium
TSLA,2023-09-18,287.01,294.61,medium
TSLA,2023-09-19,301.12,291.96,low
TSLA,2023-09-20,296.65,300.0,medium
TSLA,2023-09-21,297.9,298.7,medium
TSLA,2023-09-22,305.19,302.4,medium
TSLA,2023-09-25,292.21,292.43,medium
TSLA,2023-09-26,293.8,302.04,medium
TSLA,2023-09-27,305.45,303.02,medium
TSLA,2023-09-28,299.89,294.05,medium
TSLA,2023-09-29,290.17,295.57,medium
TSLA,2023-10-02,293.71,305.06,high
TSLA,2023-10-03,293.2,283.49,low
TSLA,2023-10-04,277.8,281.22,medium
TSLA,2023-10-05,282.14,285.4,medium
TSLA,2023-10-06,295.04,301.51,medium
TSLA,2023-10-09,304.59,308.3,medium
TSLA,2023-10-10,310.8,316.5,medium
TSLA,2023-10-11,306.58,302.57,medium
TSLA,2023-10-12,295.04,295.25,medium
TSLA,2023-10-13,292.35,295.14,medium
TSLA,2023-10-16,293.12,292.04,medium
TSLA,2023-10-17,286.65,280.87,medium
TSLA,2023-10-18,274.24,272.75,medium
TSLA,2023-10-19,279.07,277.81,medium
TSLA,2023-10-20,280.48,283.55,medium
TSLA,2023-10-23,279.06,275.78,medium
TSLA,2023-10-24,266.94,259.78,medium
TSLA,2023-10-25,258.14,256.33,medium
TSLA,2023-10-26,268.45,266.29,medium
TSLA,2023-10-27,266.04,268.3,medium
TSLA,2023-10-30,276.45,290.7,high
TSLA,2023-10-31,296.01,289.17,medium
TSLA,2023-11-01,288.62,289.54,medium
TSLA,2023-11-02,299.18,294.29,medium
TSLA,2023-11-03,293.0,283.41,low
TSLA,2023-11-06,282.14,278.85,medium
TSLA,2023-11-07,281.48,274.32,medium
TSLA,2023-11-08,275.13,271.1,medium
TSLA,2023-11-09,266.26,270.11,medium
TSLA,2023-11-10,278.98,265.55,low
TSLA,2023-11-13,261.21,271.52,high
TSLA,2023-11-14,272.19,282.87,high
TSLA,2023-11-15,282.87,279.89,medium
TSLA,2023-11-16,268.89,268.83,medium
TSLA,2023-11-17,282.21,274.72,medium
TSLA,2023-11-20,271.99,267.08,medium
TSLA,2023-11-21,267.3,258.81,low
TSLA,2023-11-22,265.93,267.24,medium
TSLA,2023-11-23,263.47,261.96,medium
TSLA,2023-11-24,250.15,258.7,high
TSLA,2023-11-27,271.81,278.71,medium
TSLA,2023-11-28,262.79,260.01,medium
TSLA,2023-11-29,252.74,263.04,high
TSLA,2023-11-30,253.45,252.49,medium
TSLA,2023-12-01,247.74,239.2,low
TSLA,2023-12-04,238.87,240.01,medium
TSLA,2023-12-05,242.76,234.57,low
TSLA,2023-12-06,240.0,244.07,medium
TSLA,2023-12-07,246.46,244.66,medium
TSLA,2023-12-08,248.56,245.86,medium
TSLA,2023-12-11,239.32,221.88,low
TSLA,2023-12-12,219.43,217.58,medium
TSLA,2023-12-13,216.73,207.14,low
TSLA,2023-12-14,199.74,203.6,medium
TSLA,2023-12-15,211.94,209.81,medium
NVDA,2023-07-03,262.41,252.77,low
NVDA,2023-07-04,247.65,242.89,medium
NVDA,2023-07-05,251.06,246.04,medium
NVDA,2023-07-06,248.22,245.06,medium
NVDA,2023-07-07,244.71,251.3,medium
NVDA,2023-07-10,248.51,248.43,medium
NVDA,2023-07-11,258.07,264.9,medium
NVDA,2023-07-12,269.56,267.88,medium
NVDA,2023-07-13,266.82,266.34,medium
NVDA,2023-07-14,269.55,278.38,high
NVDA,2023-07-17,264.57,258.54,medium
NVDA,2023-07-18,259.21,258.46,medium
NVDA,2023-07-19,262.38,264.3,medium
NVDA,2023-07-20,268.32,269.17,medium
NVDA,2023-07-21,271.54,272.52,medium
NVDA,2023-07-24,261.4,256.72,medium
NVDA,2023-07-25,252.49,257.98,medium
NVDA,2023-07-26,259.49,262.13,medium
NVDA,2023-07-27,253.63,254.16,medium
NVDA,2023-07-28,252.75,252.74,medium
NVDA,2023-07-31,250.14,255.69,medium
NVDA,2023-08-01,263.94,269.64,medium
NVDA,2023-08-02,264.23,263.75,medium
NVDA,2023-08-03,253.59,247.81,medium
NVDA,2023-08-04,247.57,253.21,medium
NVDA,2023-08-07,246.0,251.14,medium
NVDA,2023-08-08,251.74,245.72,medium
NVDA,2023-08-09,246.47,245.92,medium
NVDA,2023-08-10,235.42,247.39,high
NVDA,2023-08-11,244.27,249.54,medium
NVDA,2023-08-14,255.56,257.43,medium
NVDA,2023-08-15,252.66,244.2,low
NVDA,2023-08-16,250.7,249.07,medium
NVDA,2023-08-17,256.65,253.43,medium
NVDA,2023-08-18,256.57,254.93,medium
NVDA,2023-08-21,256.99,249.56,medium
NVDA,2023-08-22,250.98,253.64,medium
NVDA,2023-08-23,252.88,249.58,medium
NVDA,2023-08-24,247.65,251.46,medium
NVDA,2023-08-25,252.93,249.69,medium
NVDA,2023-08-28,237.89,241.08,medium
NVDA,2023-08-29,243.84,238.88,medium
NVDA,2023-08-30,241.3,247.29,medium
NVDA,2023-08-31,241.09,239.47,medium
NVDA,2023-09-01,235.52,235.87,medium
NVDA,2023-09-04,234.21,237.76,medium
NVDA,2023-09-05,237.33,227.74,low
NVDA,2023-09-06,223.35,223.52,medium
NVDA,2023-09-07,219.42,219.68,medium
NVDA,2023-09-08,213.4,205.79,low
NVDA,2023-09-11,202.27,210.53,high
NVDA,2023-09-12,214.34,211.63,medium
NVDA,2023-09-13,220.06,217.04,medium
NVDA,2023-09-14,220.34,224.58,medium
NVDA,2023-09-15,226.15,222.17,medium
NVDA,2023-09-18,229.08,236.56,high
NVDA,2023-09-19,238.06,234.66,medium
NVDA,2023-09-20,233.18,230.62,medium
NVDA,2023-09-21,226.25,219.53,medium
NVDA,2023-09-22,215.05,215.65,medium
NVDA,2023-09-25,220.33,217.32,medium
NVDA,2023-09-26,221.43,221.76,medium
NVDA,2023-09-27,224.77,222.79,medium
NVDA,2023-09-28,223.66,226.48,medium
NVDA,2023-09-29,212.67,212.85,medium
NVDA,2023-10-02,212.86,219.86,high
NVDA,2023-10-03,213.61,215.15,medium
NVDA,2023-10-04,207.49,209.51,medium
NVDA,2023-10-05,213.81,215.12,medium
NVDA,2023-10-06,216.46,219.72,medium
NVDA,2023-10-09,222.38,216.6,medium
NVDA,2023-10-10,222.15,221.11,medium
NVDA,2023-10-11,219.28,221.51,medium
NVDA,2023-10-12,221.47,226.81,medium
NVDA,2023-10-13,214.44,213.7,medium
NVDA,2023-10-16,211.24,208.45,medium
NVDA,2023-10-17,207.89,209.87,medium
NVDA,2023-10-18,200.21,199.63,medium
NVDA,2023-10-19,196.71,196.46,medium
NVDA,2023-10-20,208.9,213.51,medium
NVDA,2023-10-23,210.68,206.34,medium
NVDA,2023-10-24,205.74,205.62,medium
NVDA,2023-10-25,196.38,200.37,medium
NVDA,2023-10-26,210.47,212.93,medium
NVDA,2023-10-27,218.97,222.52,medium
NVDA,2023-10-30,228.43,231.48,medium
NVDA,2023-10-31,229.03,227.97,medium
NVDA,2023-11-01,222.0,220.77,medium
NVDA,2023-11-02,216.71,216.8,medium
NVDA,2023-11-03,225.66,228.8,medium
NVDA,2023-11-06,226.51,231.18,medium
NVDA,2023-11-07,220.19,218.83,medium
NVDA,2023-11-08,211.06,213.27,medium
NVDA,2023-11-09,206.26,201.06,medium
NVDA,2023-11-10,211.33,216.46,medium
NVDA,2023-11-13,214.43,218.71,medium
NVDA,2023-11-14,208.55,200.32,low
NVDA,2023-11-15,204.35,206.62,medium
NVDA,2023-11-16,210.62,210.61,medium
NVDA,2023-11-17,209.39,207.33,medium
NVDA,2023-11-20,192.77,195.0,medium
NVDA,2023-11-21,201.5,195.12,low
NVDA,2023-11-22,192.08,196.03,medium
NVDA,2023-11-23,204.77,204.31,medium
NVDA,2023-11-24,209.49,213.76,medium
NVDA,2023-11-27,215.19,214.08,medium
NVDA,2023-11-28,221.73,213.67,low
NVDA,2023-11-29,209.44,208.7,medium
NVDA,2023-11-30,205.63,202.43,medium
NVDA,2023-12-01,205.67,205.75,medium
NVDA,2023-12-04,207.09,211.14,medium
NVDA,2023-12-05,208.39,204.92,medium
NVDA,2023-12-06,195.12,195.68,medium
NVDA,2023-12-07,199.94,201.03,medium
NVDA,2023-12-08,199.56,210.61,high
NVDA,2023-12-11,209.64,213.27,medium
NVDA,2023-12-12,210.67,211.33,medium
NVDA,2023-12-13,223.05,230.73,high
NVDA,2023-12-14,231.82,238.55,medium
NVDA,2023-12-15,233.84,235.06,medium
META,2023-07-03,77.51,77.75,medium
META,2023-07-04,82.98,84.2,medium
META,2023-07-05,82.13,79.3,low
META,2023-07-06,71.18,71.85,medium
META,2023-07-07,71.07,72.26,medium
META,2023-07-10,59.46,58.87,medium
META,2023-07-11,65.14,66.26,medium
META,2023-07-12,66.27,69.85,high
META,2023-07-13,63.0,63.55,medium
META,2023-07-14,67.4,69.72,high
META,2023-07-17,63.95,64.23,medium
META,2023-07-18,68.63,68.14,medium
META,2023-07-19,74.61,78.93,high
META,2023-07-20,68.29,68.72,medium
META,2023-07-21,73.52,74.8,medium
META,2023-07-24,74.14,73.54,medium
META,2023-07-25,82.6,80.82,medium
META,2023-07-26,81.61,77.71,low
META,2023-07-27,72.68,70.18,low
META,2023-07-28,66.18,66.52,medium
META,2023-07-31,67.84,67.53,medium
META,2023-08-01,68.69,68.3,medium
META,2023-08-02,67.97,67.91,medium
META,2023-08-03,59.72,59.64,medium
META,2023-08-04,55.41,55.68,medium
META,2023-08-07,56.28,55.23,medium
META,2023-08-08,61.01,59.01,low
META,2023-08-09,55.55,54.26,medium
META,2023-08-10,52.27,53.12,medium
META,2023-08-11,66.69,68.12,medium
META,2023-08-14,67.73,70.16,high
META,2023-08-15,71.84,70.84,medium
META,2023-08-16,67.98,66.35,medium
META,2023-08-17,63.97,61.73,low
META,2023-08-18,65.61,65.31,medium
META,2023-08-21,61.59,62.6,medium
META,2023-08-22,59.82,61.86,high
META,2023-08-23,59.82,61.33,medium
META,2023-08-24,62.1,63.0,medium
META,2023-08-25,56.68,58.16,medium
META,2023-08-28,57.73,58.72,medium
META,2023-08-29,67.53,70.07,high
META,2023-08-30,74.93,75.52,medium
META,2023-08-31,72.12,72.15,medium
META,2023-09-01,66.61,66.54,medium
META,2023-09-04,65.32,63.61,medium
META,2023-09-05,60.78,60.89,medium
META,2023-09-06,57.66,58.35,medium
META,2023-09-07,60.66,60.57,medium
META,2023-09-08,65.99,64.16,medium
META,2023-09-11,64.87,62.28,low
META,2023-09-12,64.2,64.39,medium
META,2023-09-13,65.3,66.14,medium
META,2023-09-14,74.59,76.85,high
META,2023-09-15,75.65,74.57,medium
META,2023-09-18,67.64,68.14,medium
META,2023-09-19,75.73,78.26,high
META,2023-09-20,85.25,85.4,medium
META,2023-09-21,77.66,78.13,medium
META,2023-09-22,77.89,77.2,medium
META,2023-09-25,77.52,79.16,medium
META,2023-09-26,75.48,77.02,medium
META,2023-09-27,68.28,69.1,medium
META,2023-09-28,70.91,71.41,medium
META,2023-09-29,71.6,72.0,medium
META,2023-10-02,61.11,62.21,medium
META,2023-10-03,67.61,65.74,medium
META,2023-10-04,68.16,71.25,high
META,2023-10-05,74.11,73.77,medium
META,2023-10-06,78.57,79.91,medium
META,2023-10-09,84.54,84.67,medium
META,2023-10-10,86.2,88.2,medium
META,2023-10-11,83.38,83.3,medium
META,2023-10-12,79.87,79.11,medium
META,2023-10-13,76.3,75.92,medium
META,2023-10-16,77.8,77.49,medium
META,2023-10-17,84.62,87.19,high
META,2023-10-18,81.73,82.95,medium
META,2023-10-19,86.41,86.54,medium
META,2023-10-20,92.22,90.85,medium
META,2023-10-23,78.46,77.98,medium
META,2023-10-24,73.68,74.06,medium
META,2023-10-25,72.52,71.45,medium
META,2023-10-26,74.85,75.57,medium
META,2023-10-27,82.89,84.89,medium
META,2023-10-30,94.05,93.07,medium
META,2023-10-31,93.34,96.12,medium
META,2023-11-01,95.56,96.36,medium
META,2023-11-02,95.29,95.6,medium
META,2023-11-03,96.12,97.55,medium
META,2023-11-06,103.59,105.96,medium
META,2023-11-07,107.96,107.86,medium
META,2023-11-08,101.54,101.83,medium
META,2023-11-09,99.18,98.45,medium
META,2023-11-10,102.17,102.4,medium
META,2023-11-13,97.63,98.37,medium
META,2023-11-14,88.89,86.73,medium
META,2023-11-15,92.53,91.49,medium
META,2023-11-16,97.72,98.53,medium
META,2023-11-17,105.95,104.53,medium
META,2023-11-20,102.69,99.87,medium
META,2023-11-21,99.89,102.38,medium
META,2023-11-22,101.65,99.66,medium
META,2023-11-23,99.61,99.72,medium
META,2023-11-24,102.43,104.24,medium
META,2023-11-27,106.28,101.33,low
META,2023-11-28,101.52,100.99,medium
META,2023-11-29,103.16,105.32,medium
META,2023-11-30,102.65,103.69,medium
META,2023-12-01,103.75,103.29,medium
META,2023-12-04,101.72,100.91,medium
META,2023-12-05,106.66,109.97,high
META,2023-12-06,111.1,115.7,high
META,2023-12-07,112.61,116.25,high
META,2023-12-08,108.16,102.9,low
META,2023-12-11,100.78,102.36,medium
META,2023-12-12,106.05,105.1,medium
META,2023-12-13,103.51,105.58,medium
META,2023-12-14,108.79,112.26,high
META,2023-12-15,109.26,112.08,medium
BABA,2023-07-03,107.19,110.01,medium
BABA,2023-07-04,107.91,106.92,medium
BABA,2023-07-05,108.43,107.75,medium
BABA,2023-07-06,119.26,114.77,low
BABA,2023-07-07,116.54,120.95,high
BABA,2023-07-10,124.93,118.63,low
BABA,2023-07-11,123.66,121.27,medium
BABA,2023-07-12,126.59,126.3,medium
BABA,2023-07-13,126.13,127.2,medium
BABA,2023-07-14,129.94,130.35,medium
BABA,2023-07-17,134.41,135.27,medium
BABA,2023-07-18,130.12,132.29,medium
BABA,2023-07-19,126.63,129.52,medium
BABA,2023-07-20,130.35,131.95,medium
BABA,2023-07-21,131.65,134.56,medium
BABA,2023-07-24,140.03,140.32,medium
BABA,2023-07-25,145.47,143.0,medium
BABA,2023-07-26,140.56,143.78,medium
BABA,2023-07-27,138.99,138.8,medium
BABA,2023-07-28,138.38,137.69,medium
BABA,2023-07-31,144.41,147.55,medium
BABA,2023-08-01,144.55,146.0,medium
BABA,2023-08-02,151.12,147.8,medium
BABA,2023-08-03,150.63,151.42,medium
BABA,2023-08-04,152.97,147.67,low
BABA,2023-08-07,149.46,153.07,medium
BABA,2023-08-08,149.27,150.44,medium
BABA,2023-08-09,151.42,148.37,medium
BABA,2023-08-10,148.21,148.08,medium
BABA,2023-08-11,149.13,149.69,medium
BABA,2023-08-14,154.59,154.39,medium
BABA,2023-08-15,163.37,166.86,medium
BABA,2023-08-16,158.88,157.77,medium
BABA,2023-08-17,164.02,171.51,high
BABA,2023-08-18,163.69,162.84,medium
BABA,2023-08-21,154.9,155.01,medium
BABA,2023-08-22,162.76,162.68,medium
BABA,2023-08-23,158.77,165.15,high
BABA,2023-08-24,157.18,156.77,medium
BABA,2023-08-25,154.02,150.63,medium
BABA,2023-08-28,158.07,156.98,medium
BABA,2023-08-29,156.76,159.55,medium
BABA,2023-08-30,160.64,160.51,medium
BABA,2023-08-31,148.94,152.36,medium
BABA,2023-09-01,157.65,153.65,medium
BABA,2023-09-04,156.64,158.29,medium
BABA,2023-09-05,159.56,155.27,medium
BABA,2023-09-06,160.05,155.36,medium
BABA,2023-09-07,157.74,154.88,medium
BABA,2023-09-08,154.76,156.56,medium
BABA,2023-09-11,159.99,158.28,medium
BABA,2023-09-12,163.31,162.93,medium
BABA,2023-09-13,163.03,166.54,medium
BABA,2023-09-14,170.46,167.98,medium
BABA,2023-09-15,168.43,168.14,medium
BABA,2023-09-18,167.93,171.9,medium
BABA,2023-09-19,174.77,176.54,medium
BABA,2023-09-20,183.77,178.17,low
BABA,2023-09-21,186.12,187.94,medium
BABA,2023-09-22,179.69,181.14,medium
BABA,2023-09-25,172.42,167.85,medium
BABA,2023-09-26,162.31,163.07,medium
BABA,2023-09-27,165.24,171.85,high
BABA,2023-09-28,168.82,168.86,medium
BABA,2023-09-29,174.04,175.31,medium
BABA,2023-10-02,183.6,190.15,high
BABA,2023-10-03,187.97,185.89,medium
BABA,2023-10-04,183.84,179.11,medium
BABA,2023-10-05,186.21,188.67,medium
BABA,2023-10-06,194.4,197.87,medium
BABA,2023-10-09,193.56,194.17,medium
BABA,2023-10-10,211.85,214.58,medium
BABA,2023-10-11,215.01,214.76,medium
BABA,2023-10-12,216.68,219.21,medium
BABA,2023-10-13,214.32,210.81,medium
BABA,2023-10-16,213.96,219.31,medium
BABA,2023-10-17,226.0,224.53,medium
BABA,2023-10-18,231.43,228.87,medium
BABA,2023-10-19,223.83,216.89,low
BABA,2023-10-20,219.87,216.91,medium
BABA,2023-10-23,209.83,213.23,medium
BABA,2023-10-24,212.37,209.61,medium
BABA,2023-10-25,208.4,212.11,medium
BABA,2023-10-26,216.45,224.37,high
BABA,2023-10-27,218.9,223.16,medium
BABA,2023-10-30,222.85,220.6,medium
BABA,2023-10-31,210.64,216.4,medium
BABA,2023-11-01,217.04,226.1,high
BABA,2023-11-02,219.05,213.99,medium
BABA,2023-11-03,218.77,219.61,medium
BABA,2023-11-06,218.28,220.94,medium
BABA,2023-11-07,224.83,227.45,medium
BABA,2023-11-08,227.87,231.79,medium
BABA,2023-11-09,234.22,227.27,medium
BABA,2023-11-10,227.87,228.94,medium
BABA,2023-11-13,220.54,221.06,medium
BABA,2023-11-14,213.41,215.56,medium
BABA,2023-11-15,200.22,199.01,medium
BABA,2023-11-16,183.8,185.67,medium
BABA,2023-11-17,183.61,187.19,medium
BABA,2023-11-20,188.46,188.89,medium
BABA,2023-11-21,178.66,182.97,medium
BABA,2023-11-22,174.74,173.81,medium
BABA,2023-11-23,181.01,183.56,medium
BABA,2023-11-24,179.23,168.2,low
BABA,2023-11-27,173.22,170.75,medium
BABA,2023-11-28,179.28,177.98,medium
BABA,2023-11-29,183.37,179.88,medium
BABA,2023-11-30,178.61,180.47,medium
BABA,2023-12-01,190.36,190.67,medium
BABA,2023-12-04,177.12,183.04,high
BABA,2023-12-05,182.53,192.49,high
BABA,2023-12-06,191.13,196.79,medium
BABA,2023-12-07,187.46,189.34,medium
BABA,2023-12-08,188.32,189.08,medium
BABA,2023-12-11,194.94,192.03,medium
BABA,2023-12-12,195.42,195.48,medium
BABA,2023-12-13,201.04,200.9,medium
BABA,2023-12-14,207.56,208.89,medium
BABA,2023-12-15,205.89,201.85,medium
NFLX,2023-07-03,208.09,207.05,medium
NFLX,2023-07-04,205.63,204.03,medium
NFLX,2023-07-05,216.09,220.15,medium
NFLX,2023-07-06,214.84,219.2,medium
NFLX,2023-07-07,217.08,223.73,high
NFLX,2023-07-10,226.06,226.93,medium
NFLX,2023-07-11,223.59,229.71,medium
NFLX,2023-07-12,230.24,219.52,low
NFLX,2023-07-13,208.15,210.18,medium
NFLX,2023-07-14,215.51,211.53,medium
NFLX,2023-07-17,203.77,212.12,high
NFLX,2023-07-18,212.83,207.54,medium
NFLX,2023-07-19,203.7,208.42,medium
NFLX,2023-07-20,207.13,211.41,medium
NFLX,2023-07-21,213.46,215.54,medium
NFLX,2023-07-24,212.84,216.53,medium
NFLX,2023-07-25,211.43,221.79,high
NFLX,2023-07-26,222.42,217.81,medium
NFLX,2023-07-27,234.57,230.87,medium
NFLX,2023-07-28,236.5,235.33,medium
NFLX,2023-07-31,244.51,242.48,medium
NFLX,2023-08-01,249.11,259.56,high
NFLX,2023-08-02,265.58,260.57,medium
NFLX,2023-08-03,269.57,277.18,medium
NFLX,2023-08-04,279.73,272.6,medium
NFLX,2023-08-07,271.96,266.88,medium
NFLX,2023-08-08,258.81,256.96,medium
NFLX,2023-08-09,248.63,246.61,medium
NFLX,2023-08-10,243.42,245.15,medium
NFLX,2023-08-11,250.67,256.26,medium
NFLX,2023-08-14,254.85,254.91,medium
NFLX,2023-08-15,248.62,245.0,medium
NFLX,2023-08-16,245.57,248.63,medium
NFLX,2023-08-17,252.64,250.09,medium
NFLX,2023-08-18,245.87,245.5,medium
NFLX,2023-08-21,253.5,260.04,medium
NFLX,2023-08-22,257.99,256.83,medium
NFLX,2023-08-23,260.51,256.41,medium
NFLX,2023-08-24,263.06,265.12,medium
NFLX,2023-08-25,263.58,267.65,medium
NFLX,2023-08-28,265.96,274.64,high
NFLX,2023-08-29,266.28,274.21,medium
NFLX,2023-08-30,285.81,287.61,medium
NFLX,2023-08-31,285.82,289.76,medium
NFLX,2023-09-01,288.59,279.54,low
NFLX,2023-09-04,271.02,268.35,medium
NFLX,2023-09-05,283.76,286.53,medium
NFLX,2023-09-06,300.76,297.1,medium
NFLX,2023-09-07,292.64,284.96,medium
NFLX,2023-09-08,280.9,281.45,medium
NFLX,2023-09-11,287.9,297.15,high
NFLX,2023-09-12,290.93,291.53,medium
NFLX,2023-09-13,299.61,300.52,medium
NFLX,2023-09-14,306.84,313.6,medium
NFLX,2023-09-15,323.7,317.76,medium
NFLX,2023-09-18,314.79,319.38,medium
NFLX,2023-09-19,314.49,313.44,medium
NFLX,2023-09-20,310.88,322.07,high
NFLX,2023-09-21,318.11,319.14,medium
NFLX,2023-09-22,321.51,324.75,medium
NFLX,2023-09-25,325.42,328.77,medium
NFLX,2023-09-26,334.31,342.96,medium
NFLX,2023-09-27,338.11,346.89,medium
NFLX,2023-09-28,338.67,342.07,medium
NFLX,2023-09-29,345.03,346.59,medium
NFLX,2023-10-02,343.88,346.39,medium
NFLX,2023-10-03,344.47,350.22,medium
NFLX,2023-10-04,337.7,342.46,medium
NFLX,2023-10-05,341.3,351.01,medium
NFLX,2023-10-06,349.2,349.78,medium
NFLX,2023-10-09,348.22,344.64,medium
NFLX,2023-10-10,342.59,337.52,medium
NFLX,2023-10-11,334.18,336.56,medium
NFLX,2023-10-12,329.34,319.83,medium
NFLX,2023-10-13,328.62,335.65,medium
NFLX,2023-10-16,329.29,331.26,medium
NFLX,2023-10-17,327.9,329.76,medium
NFLX,2023-10-18,333.62,338.91,medium
NFLX,2023-10-19,338.32,333.03,medium
NFLX,2023-10-20,328.34,327.92,medium
NFLX,2023-10-23,322.44,323.14,medium
NFLX,2023-10-24,315.95,312.21,medium
NFLX,2023-10-25,310.42,316.97,medium
NFLX,2023-10-26,331.22,322.51,medium
NFLX,2023-10-27,325.59,322.29,medium
NFLX,2023-10-30,317.55,315.4,medium
NFLX,2023-10-31,312.18,308.59,medium
NFLX,2023-11-01,311.81,307.21,medium
NFLX,2023-11-02,310.89,317.63,medium
NFLX,2023-11-03,314.2,303.14,low
NFLX,2023-11-06,299.33,309.81,high
NFLX,2023-11-07,312.81,300.85,low
NFLX,2023-11-08,296.84,304.67,medium
NFLX,2023-11-09,305.64,309.08,medium
NFLX,2023-11-10,304.25,309.9,medium
NFLX,2023-11-13,299.24,298.53,medium
NFLX,2023-11-14,288.43,286.36,medium
NFLX,2023-11-15,274.23,268.04,medium
NFLX,2023-11-16,261.89,266.56,medium
NFLX,2023-11-17,260.39,265.85,medium
NFLX,2023-11-20,258.16,258.37,medium
NFLX,2023-11-21,259.09,262.81,medium
NFLX,2023-11-22,261.78,254.94,medium
NFLX,2023-11-23,259.25,262.79,medium
NFLX,2023-11-24,260.26,258.03,medium
NFLX,2023-11-27,266.29,260.9,medium
NFLX,2023-11-28,257.35,257.62,medium
NFLX,2023-11-29,252.29,245.87,medium
NFLX,2023-11-30,232.25,234.19,medium
NFLX,2023-12-01,235.75,237.41,medium
NFLX,2023-12-04,238.83,234.44,medium
NFLX,2023-12-05,232.36,240.01,high
NFLX,2023-12-06,246.14,260.18,high
NFLX,2023-12-07,275.42,278.28,medium
NFLX,2023-12-08,281.03,283.43,medium
NFLX,2023-12-11,278.56,272.2,medium
NFLX,2023-12-12,274.54,264.24,low
NFLX,2023-12-13,264.66,271.03,medium
NFLX,2023-12-14,283.35,287.83,medium
NFLX,2023-12-15,283.82,283.63,medium
JPM,2023-07-03,229.94,234.5,medium
JPM,2023-07-04,233.36,223.73,low
JPM,2023-07-05,228.35,228.01,medium
JPM,2023-07-06,230.22,231.47,medium
JPM,2023-07-07,236.98,229.89,medium
JPM,2023-07-10,223.54,226.11,medium
JPM,2023-07-11,224.86,226.07,medium
JPM,2023-07-12,228.74,230.22,medium
JPM,2023-07-13,225.99,222.03,medium
JPM,2023-07-14,222.42,221.72,medium
JPM,2023-07-17,222.52,225.86,medium
JPM,2023-07-18,228.18,235.15,high
JPM,2023-07-19,225.9,218.82,low
JPM,2023-07-20,223.92,219.05,medium
JPM,2023-07-21,218.44,218.65,medium
JPM,2023-07-24,212.58,214.6,medium
JPM,2023-07-25,213.78,216.5,medium
JPM,2023-07-26,222.42,227.63,medium
JPM,2023-07-27,225.55,219.09,medium
JPM,2023-07-28,212.58,215.4,medium
JPM,2023-07-31,219.25,224.89,medium
JPM,2023-08-01,230.08,233.56,medium
JPM,2023-08-02,241.7,243.42,medium
JPM,2023-08-03,235.95,234.15,medium
JPM,2023-08-04,241.29,239.81,medium
JPM,2023-08-07,243.05,238.09,medium
JPM,2023-08-08,241.88,242.95,medium
JPM,2023-08-09,243.2,238.23,medium
JPM,2023-08-10,244.13,246.72,medium
JPM,2023-08-11,244.67,240.21,medium
JPM,2023-08-14,247.77,246.77,medium
JPM,2023-08-15,245.88,247.73,medium
JPM,2023-08-16,250.72,259.41,high
JPM,2023-08-17,260.91,262.53,medium
JPM,2023-08-18,266.61,268.42,medium
JPM,2023-08-21,269.15,269.69,medium
JPM,2023-08-22,259.61,260.55,medium
JPM,2023-08-23,257.63,259.8,medium
JPM,2023-08-24,256.23,257.49,medium
JPM,2023-08-25,253.06,265.57,high
JPM,2023-08-28,267.49,263.82,medium
JPM,2023-08-29,258.46,258.63,medium
JPM,2023-08-30,256.08,250.41,medium
JPM,2023-08-31,255.37,244.26,low
JPM,2023-09-01,236.51,235.58,medium
JPM,2023-09-04,233.78,237.68,medium
JPM,2023-09-05,232.57,234.34,medium
JPM,2023-09-06,236.2,238.05,medium
JPM,2023-09-07,243.57,242.45,medium
JPM,2023-09-08,237.78,237.31,medium
JPM,2023-09-11,238.02,245.07,medium
JPM,2023-09-12,243.98,246.27,medium
JPM,2023-09-13,250.04,256.38,medium
JPM,2023-09-14,253.5,254.63,medium
JPM,2023-09-15,248.69,251.94,medium
JPM,2023-09-18,255.85,256.93,medium
JPM,2023-09-19,258.79,259.31,medium
JPM,2023-09-20,263.49,259.49,medium
JPM,2023-09-21,255.59,258.35,medium
JPM,2023-09-22,265.3,266.45,medium
JPM,2023-09-25,275.75,272.75,medium
JPM,2023-09-26,270.9,268.85,medium
JPM,2023-09-27,271.68,271.86,medium
JPM,2023-09-28,269.35,280.26,high
JPM,2023-09-29,283.69,295.31,high
JPM,2023-10-02,291.46,295.18,medium
JPM,2023-10-03,287.65,294.6,medium
JPM,2023-10-04,298.97,287.94,low
JPM,2023-10-05,283.61,277.94,medium
JPM,2023-10-06,286.59,276.97,low
JPM,2023-10-09,276.17,280.76,medium
JPM,2023-10-10,270.3,263.7,medium
JPM,2023-10-11,258.48,254.19,medium
JPM,2023-10-12,249.01,251.79,medium
JPM,2023-10-13,249.18,257.14,high
JPM,2023-10-16,253.11,251.47,medium
JPM,2023-10-17,248.13,241.69,medium
JPM,2023-10-18,235.74,234.21,medium
JPM,2023-10-19,231.35,230.06,medium
JPM,2023-10-20,230.89,235.85,medium
JPM,2023-10-23,245.77,248.47,medium
JPM,2023-10-24,251.26,249.94,medium
JPM,2023-10-25,253.72,248.3,medium
JPM,2023-10-26,249.16,251.42,medium
JPM,2023-10-27,243.62,240.32,medium
JPM,2023-10-30,231.74,229.6,medium
JPM,2023-10-31,230.83,227.13,medium
JPM,2023-11-01,232.95,233.67,medium
JPM,2023-11-02,230.32,228.76,medium
JPM,2023-11-03,233.62,233.83,medium
JPM,2023-11-06,226.82,225.11,medium
JPM,2023-11-07,228.2,222.28,medium
JPM,2023-11-08,223.36,230.45,high
JPM,2023-11-09,234.92,245.25,high
JPM,2023-11-10,244.1,247.85,medium
JPM,2023-11-13,242.7,245.81,medium
JPM,2023-11-14,248.84,243.14,medium
JPM,2023-11-15,240.25,242.72,medium
JPM,2023-11-16,249.02,241.21,low
JPM,2023-11-17,239.59,231.54,low
JPM,2023-11-20,235.92,242.3,medium
JPM,2023-11-21,234.92,228.63,medium
JPM,2023-11-22,234.9,243.61,high
JPM,2023-11-23,243.24,237.58,medium
JPM,2023-11-24,245.68,245.42,medium
JPM,2023-11-27,252.73,260.04,medium
JPM,2023-11-28,267.83,264.4,medium
JPM,2023-11-29,264.44,260.95,medium
JPM,2023-11-30,253.42,250.66,medium
JPM,2023-12-01,255.37,263.23,high
JPM,2023-12-04,270.63,278.24,medium
JPM,2023-12-05,283.74,283.05,medium
JPM,2023-12-06,277.24,281.4,medium
JPM,2023-12-07,282.1,281.3,medium
JPM,2023-12-08,289.55,291.05,medium
JPM,2023-12-11,289.41,286.88,medium
JPM,2023-12-12,288.33,291.85,medium
JPM,2023-12-13,302.58,309.95,medium
JPM,2023-12-14,309.58,320.45,high
JPM,2023-12-15,320.82,336.31,high
